Ботинки HS PAH-P 400 чер. ЗП;38;1
Ботинки HS PAH-P 400 чер. ЗП;39;1
Ботинки HS PAH-P 400 чер. ЗП;40;2
Ботинки HS PAH-P 400 чер. ЗП;41;4
Ботинки HS PAH-P 400 чер. ЗП;42;8
Ботинки HS PAH-P 400 чер. ЗП;43;10
Ботинки HS PAH-P 400 чер. ЗП;44;10
Ботинки HS PAH-P 400 чер. ЗП;45;4
Ботинки PANDA САНИТАРИ 3916 S! SRC бел.;37;1
Ботинки PANDA САНИТАРИ 3916 S! SRC бел.;40;3
Ботинки PANDA САНИТАРИ 3916 S! SRC бел.;41;1
Ботинки PANDA САНИТАРИ 3916 S! SRC бел.;42;4
Ботинки PANDA САНИТАРИ 3916 S! SRC бел.;43;4
Ботинки PANDA САНИТАРИ 3916 S! SRC бел.;43;1
Ботинки PANDA САНИТАРИ 3916 S! SRC бел.;45;2
Ботинки СВАРЩИК ут М.1398 ЗП;39;1
Ботинки СВАРЩИК ут М.1398 ЗП;40;0
Ботинки СВАРЩИК ут М.1398 ЗП;41;1
Ботинки СВАРЩИК ут М.1398 ЗП;42;6
Ботинки СВАРЩИК ут М.1398 ЗП;43;8
Ботинки СВАРЩИК ут М.1398 ЗП;44;3
Ботинки СВАРЩИК ут М.1398 ЗП;45;0
Ботинки СВАРЩИК ут М.1398 ЗП;47;0
Ботинки ТОФФ БЕРКУТ И с выс. берцами ут ч;38;0
Ботинки ТОФФ БЕРКУТ И с выс. берцами ут ч;39;5
Ботинки ТОФФ БЕРКУТ И с выс. берцами ут ч;48;7
Ботинки ТОФФ БЕРКУТ И с выс. берцами ут ч;41;8
Ботинки ТОФФ БЕРКУТ И с выс. берцами ут ч;42;2
Ботинки ТОФФ БЕРКУТ И с выс. берцами ут ч;43;6
Ботинки ТОФФ БЕРКУТ И с выс. берцами ут ч;44;21
Ботинки ТОФФ БЕРКУТ И с выс. берцами ут ч;45;2
Ботинки ТОФФ БЕРКУТ И с выс. берцами ут ч;46;1
Ботинки ТОФФ БЕРКУТ И с выс. берцами ут ч;47;1
Ботинки ТОФФ БЕРКУТ И с выс. берцами чер. ч;38;13
Ботинки ТОФФ БЕРКУТ И с выс. берцами чер. ч;39;11
Ботинки ТОФФ БЕРКУТ И с выс. берцами чер. ч;40;0
Ботинки ТОФФ БЕРКУТ И с выс. берцами чер. ч;41;11
Ботинки ТОФФ БЕРКУТ И с выс. берцами чер. ч;42;12
